"Rank","Name","Symbol","marketcap","price (USD)","country"
"1","LVMH","MC.PA","213701397064","433.502","France"
"2","Inditex","ITX.MC","188476447615","60.5059","Spain"
"3","TJX Companies","TJX","151377641472","137.03","United States"
"4","Hermès","RMS.PA","150959694877","1441.26","France"
"5","Fast Retailing","9983.T","146286543183","476.735","Japan"
"6","Dior","CDI.PA","84576959605","468.803","France"
"7","Cintas","CTAS","78289354752","195.96","United States"
"8","Ross Stores","ROST","71624589312","224.21","United States"
"9","Nike","NKE","51406536704","34.61","United States"
"10","Kering","KER.PA","29431101583","240.022","France"
"11","Adidas","ADS.DE","28567032101","163.182","Germany"
"12","H&amp;M","HM-B.ST","25553522226","16.0072","Sweden"
"13","Tapestry","TPR","23167326208","116.75","United States"
"14","Next plc","NXT.L","22081207122","193.437","United Kingdom"
"15","Ralph Lauren","RL","21966184448","368.67","United States"
"16","Burlington Stores","BURL","17364004864","276.43","United States"
"17","Moncler","MONC.MI","13310524974","48.9376","Italy"
"18","Prada","1913.HK","12096684918","4.72744","Italy"
"19","LPP SA","LPP.WA","12077505154","6497.8","Poland"
"20","lululemon athletica","LULU","10363565056","93.61","Canada"
"21","Aritzia","ATZ.TO","9770309829","85.2704","Canada"
"22","Gap Inc.","GAP","8356717056","23.79","United States"
"23","Levi Strauss &amp; Co.","LEVI","7900982272","20.53","United States"
"24","Gildan","GIL","7726203904","41.72","Canada"
"25","Urban Outfitters","URBN","6874229760","80.25","United States"
"26","Victoria's Secret &amp; Co","VSXY","6787121664","85.09","United States"
"27","Zalando","ZAL.DE","6150181838","25.1827","Germany"
"28","Brunello Cucinelli","BC.MI","6144844836","90.3654","Italy"
"29","Abercrombie &amp; Fitch","ANF","5999796224","141.39","United States"
"30","Bosideng","3998.HK","5987107576","0.514794","Hong Kong"
"31","VF Corporation","VFC","5680794112","14.45","United States"
"32","JD Sports Fashion","JD.L","5011401213","1.0648","United Kingdom"
"33","Burberry","BRBY.L","4897218581","13.6711","United Kingdom"
"34","UniFirst","UNF","4552147968","251.72","United States"
"35","Page Industries","PAGEIND.NS","4363854908","391.241","India"
"36","Pepkor","PPH.JO","4053705400","1.09925","South Africa"
"37","Boot Barn Holdings","BOOT","3765011712","124.32","United States"
"38","PUMA","PUM.DE","3667396622","24.9129","Germany"
"39","PVH Corp.","PVH","3608439808","78.21","United States"
"40","Kontoor Brands","KTB","3596208384","65.8","United States"
"41","Ermenegildo Zegna","ZGN","3361117184","12.5","Italy"
"42","American Eagle Outfitters","AEO","2997886720","17.89","United States"
"43","Columbia Sportswear","COLM","2941048832","57.45","United States"
"44","Lojas Renner","LREN3.SA","2610744790","2.75436","Brazil"
"45","FIGS","FIGS","2342577408","14.1","United States"
"46","Buckle","BKE","2238730240","43.46","United States"
"47","F&amp;F Co","383220.KS","2065702149","55.1125","South Korea"
"48","Under Armour","UA","2027454848","4.72","United States"
"49","Capri Holdings","CPRI","1667269248","14.67","United Kingdom"
"50","OVS S.p.A.","OVS.MI","1597969660","6.6217","Italy"
"51","PAL GROUP Holdings","2726.T","1583410556","9.15073","Japan"
"52","Misto Holdings (Fila)","081660.KS","1533033953","29.1618","South Korea"
"53","Revolve Group","RVLV","1517693056","21.21","United States"
"54","Arvind","ARVIND.NS","1496562261","5.50125","India"
"55","Delta Galil Industries","DELG.TA","1463609923","55.7727","Israel"
"56","Savers Value Village","SVV","1409757952","9.2","United States"
"57","LuxExperience","LUXE","1396998272","10","Germany"
"58","Fox-Wizel","FOX.TA","1306581572","93.9727","Israel"
"59","Vedant Fashions","MANYAVAR.NS","1264434852","5.20392","India"
"60","Carter's","CRI","1241939456","33.83","United States"
"61","G-III Apparel Group","GIII","1148232960","26.78","United States"
"62","Wacoal Holdings","3591.T","1110826313","22.4695","Japan"
"63","The Foschini Group","TFG.JO","957315700","3.03621","South Africa"
"64","AOKI Holdings","8214.T","895721293","10.6348","Japan"
"65","Adastria","2685.T","879753030","19.0719","Japan"
"66","Boozt","BOOZT.ST","853070757","14.6317","Sweden"
"67","Delta Israel Brands","DLTI.TA","836046442","33.4045","Israel"
"68","Topsports International","6110.HK","813891672","0.131247","Hong Kong"
"69","Reformation Inc.","REF","779256192","13.19","United States"
"70","Canada Goose","GOOS","746127040","7.64","Canada"
"71","World Co., Ltd.","3612.T","744766416","9.76331","Japan"
"72","ASOS","ASC.L","719944412","6.01715","United Kingdom"
"73","Aoyama Trading","8219.T","644568536","4.54063","Japan"
"74","Onward Holdings Co., Ltd.","8016.T","607613020","4.45853","Japan"
"75","Mavi Giyim Sanayi ve Ticaret","MAVI.IS","590668726","0.753784","Turkey"
"76","Aditya Birla Fashion and Retail","ABFRL.NS","572400524","0.470423","India"
"77","RVRC Holding","RVRC.ST","550451907","5.2026","Sweden"
"78","Nueva Expresión Textil","NXT.MC","539331980","1.16695","Spain"
"79","Gokaldas Exports","GOKEX.NS","518907512","7.08178","India"
"80","Boohoo Group","DEBS.L","510777749","0.324714","United Kingdom"
"81","PDS Multinational","PDSL.NS","504722923","3.57358","India"
"82","SMCP S.A.","SMCP.PA","497926068","6.37437","France"
"83","Interloop","ILP.PK","485062987","0.346051","Pakistan"
"84","Marimekko","MEKKO.HE","421581085","10.4216","Finland"
"85","Universal Store Holdings","UNI.AX","416023954","5.42257","Australia"
"86","Van de Velde","VAN.BR","413035376","33.2771","Belgium"
"87","Citi Trends, Inc.","CTRN","410217376","49.19","United States"
"88","Lindex Group","LINDEX.HE","405009330","2.46768","Finland"
"89","Oxford Industries","OXM","381796192","25.49","United States"
"90","J.Jill","JILL","368007328","24.76","United States"
"91","Lux Industries","LUXIND.NS","367157854","12.2094","India"
"92","Stitch Fix","SFIX","356721856","2.67","United States"
"93","Thob Al Aseel Company","4012.SR","350596771","0.876492","Saudi Arabia"
"94","Lands' End","LE","311099936","10.53","United States"
"95","Fenix Outdoor","FOI-B.ST","309059211","27.9602","Switzerland"
"96","Kewal Kiran Clothing","KKCL.NS","307550343","4.99066","India"
"97","ThredUp","TDUP","283680704","2.16","United States"
"98","Giordano","0709.HK","268785067","0.166289","Hong Kong"
"99","Siyaram Silk Mills","SIYSIL.NS","259361898","5.71658","India"
"100","Torrid Holding","CURV","248301392","2.49","United States"
"101","Kitex Garments","KITEX.NS","244302616","1.22457","India"
"102","Zumiez","ZUMZ","216161648","14.1","United States"
"103","Eagle Nice","2368.HK","215835133","0.375902","Hong Kong"
"104","Superior Group of Companies","SGC","208084880","13.05","United States"
"105","Cantabil Retail India","CANTABIL.NS","197898222","2.36613","India"
"106","Dollar Industries","DOLLAR.NS","165392587","2.91615","India"
"107","Vince Holding","VNCE","158443728","12.24","United States"
"108","Texwinca Holdings","0321.HK","155814503","0.11277","Hong Kong"
"109","Duluth Holdings","DLTH","154300304","4.06","United States"
"110","Tillys","TLYS","135195712","4.42","United States"
"111","Björn Borg","BORG.ST","134132754","5.32243","Sweden"
"112","CALIDA Holding","CALN.SW","119155206","17.0503","Switzerland"
"113","a.k.a. Brands","AKA","117604328","10.7","United States"
"114","Monte Carlo Fashions","MONTECARLO.NS","113008686","5.45091","India"
"115","GEOX","GEO.MI","111559525","0.304666","Italy"
"116","Answear.com","ANR.WA","110707525","5.80895","Poland"
"117","Global Fashion Group","GFG.DE","109930754","0.483418","Luxembourg"
"118","Lakeland Industries","LAKE","107556480","10.83","United States"
"119","Rupa Company","RUPA.NS","106727919","1.34174","India"
"120","Grand Twins International Cambodia","GTI.KH","83608578","2.09","Cambodia"
"121","LUDWIG BECK am Rathauseck - Textilhaus Feldmeier","ECK.DE","79757165","21.5852","Germany"
"122","Rent the Runway","RENT","55984204","1.65","United States"
"123","LightInTheBox Holding","LITB","55234428","2.8","Singapore"
"124","Cato Fashion","CATO","47589556","2.39","United States"
"125","The Children's Place","PLCE","42472800","1.91","United States"
"126","Pattern S.p.A.","PTR.MI","40242738","2.69814","Italy"
"127","Allbirds","BIRD","37435144","3.17","United States"
"128","Wolford","WOL.VI","37220784","2.51827","Austria"
"129","Lulu's Fashion Lounge","LVLU","37143836","12.935","United States"
"130","Söktas Tekstil","SKTAS.IS","25817311","0.0516346","Turkey"
"131","Destination XL","DXLG","21571432","0.389","United States"
"132","Le Slip Français","ALLSF.PA","19560218","15.0646","France"
"133","Perfect Moment","PMNT","6384303","0.12","United Kingdom"
"134","Kidpik","PIK","4644903","2.38","United States"
"135","KMD Brands","KMD.NZ","1965548","0.0414161","New Zealand"
